player_id,first_name,second_name,team,position,cost,game_week,date,points,goals_scored,assists,minutes,clean_sheets,cost_bin
1,David,Raya Martín,Arsenal,Goalkeeper,5.5,1,17/08/2025,0,0,0,0,0,High
2,Kepa,Arrizabalaga Revuelta,Arsenal,Goalkeeper,4.5,1,17/08/2025,0,0,0,0,0,Medium
3,Karl,Hein,Arsenal,Goalkeeper,4.0,1,17/08/2025,0,0,0,0,0,Low
4,Tommy,Setford,Arsenal,Goalkeeper,4.0,1,17/08/2025,0,0,0,0,0,Low
5,Gabriel,dos Santos Magalhães,Arsenal,Defender,6.0,1,17/08/2025,0,0,0,0,0,High
6,William,Saliba,Arsenal,Defender,6.0,1,17/08/2025,0,0,0,0,0,High
7,Riccardo,Calafiori,Arsenal,Defender,5.5,1,17/08/2025,0,0,0,0,0,Medium
8,Jurriën,Timber,Arsenal,Defender,5.5,1,17/08/2025,0,0,0,0,0,Medium
9,Jakub,Kiwior,Arsenal,Defender,5.5,1,17/08/2025,0,0,0,0,0,Medium
10,Myles,Lewis-Skelly,Arsenal,Defender,5.5,1,17/08/2025,0,0,0,0,0,Medium
11,Benjamin,White,Arsenal,Defender,5.5,1,17/08/2025,0,0,0,0,0,Medium
12,Oleksandr,Zinchenko,Arsenal,Defender,5.0,1,17/08/2025,0,0,0,0,0,Medium
13,Brayden,Clarke,Arsenal,Defender,4.0,1,17/08/2025,0,0,0,0,0,Low
14,Maldini,Kacurri,Arsenal,Defender,4.0,1,17/08/2025,0,0,0,0,0,Low
15,Josh,Nichols,Arsenal,Defender,4.0,1,17/08/2025,0,0,0,0,0,Low
16,Bukayo,Saka,Arsenal,Midfielder,10.0,1,17/08/2025,0,0,0,0,0,Medium
17,Martin,Ødegaard,Arsenal,Midfielder,8.0,1,17/08/2025,0,0,0,0,0,Medium
18,Noni,Madueke,Arsenal,Midfielder,7.0,1,17/08/2025,0,0,0,0,0,Low
19,Gabriel,Martinelli Silva,Arsenal,Midfielder,7.0,1,17/08/2025,0,0,0,0,0,Low
20,Leandro,Trossard,Arsenal,Midfielder,7.0,1,17/08/2025,0,0,0,0,0,Low
21,Declan,Rice,Arsenal,Midfielder,6.5,1,17/08/2025,0,0,0,0,0,Low
22,Mikel,Merino Zazón,Arsenal,Midfielder,6.0,1,17/08/2025,0,0,0,0,0,Low
23,Fábio,Ferreira Vieira,Arsenal,Midfielder,5.5,1,17/08/2025,0,0,0,0,0,Low
24,Christian,Nørgaard,Arsenal,Midfielder,5.5,1,17/08/2025,0,0,0,0,0,Low
25,Ethan,Nwaneri,Arsenal,Midfielder,5.5,1,17/08/2025,0,0,0,0,0,Low
26,Martín,Zubimendi Ibáñez,Arsenal,Midfielder,5.5,1,17/08/2025,0,0,0,0,0,Low
27,Reiss,Nelson,Arsenal,Midfielder,5.0,1,17/08/2025,0,0,0,0,0,Low
28,Ismeal,Kabia,Arsenal,Midfielder,4.5,1,17/08/2025,0,0,0,0,0,Low
29,Albert,Sambi Lokonga,Arsenal,Midfielder,4.5,1,17/08/2025,0,0,0,0,0,Low
30,Kai,Havertz,Arsenal,Forward,7.5,1,17/08/2025,0,0,0,0,0,Low
31,Gabriel,Fernando de Jesus,Arsenal,Forward,6.5,1,17/08/2025,0,0,0,0,0,Low
662,Cristhian,Mosquera,Arsenal,Defender,5.5,1,17/08/2025,0,0,0,0,0,Medium
666,Viktor,Gyökeres,Arsenal,Forward,9.0,1,17/08/2025,0,0,0,0,0,Medium
32,Emiliano,Martínez Romero,Aston Villa,Goalkeeper,5.0,1,16/08/2025,0,0,0,0,0,High
33,Marco,Bizot,Aston Villa,Goalkeeper,4.5,1,16/08/2025,7,0,0,90,1,Medium
34,Joe,Gauci,Aston Villa,Goalkeeper,4.0,1,16/08/2025,0,0,0,0,0,Low
35,Filip,Marschall,Aston Villa,Goalkeeper,4.0,1,16/08/2025,0,0,0,0,0,Low
36,Matty,Cash,Aston Villa,Defender,4.5,1,16/08/2025,8,0,0,90,1,Low
37,Lucas,Digne,Aston Villa,Defender,4.5,1,16/08/2025,6,0,0,90,1,Low
38,Ezri,Konsa Ngoyo,Aston Villa,Defender,4.5,1,16/08/2025,3,0,0,65,1,Low
39,Ian,Maatsen,Aston Villa,Defender,4.5,1,16/08/2025,0,0,0,0,0,Low
40,Tyrone,Mings,Aston Villa,Defender,4.5,1,16/08/2025,6,0,0,90,1,Low
41,Pau,Torres,Aston Villa,Defender,4.5,1,16/08/2025,0,0,0,0,0,Low
42,Andrés,García,Aston Villa,Defender,4.0,1,16/08/2025,0,0,0,0,0,Low
43,Álex,Moreno Lopera,Aston Villa,Defender,4.0,1,16/08/2025,0,0,0,0,0,Low
44,Lamare,Bogarde,Aston Villa,Defender,4.0,1,16/08/2025,0,0,0,0,0,Low
45,Lino,da Cruz Sousa,Aston Villa,Defender,4.0,1,16/08/2025,0,0,0,0,0,Low
46,Yasin,Özcan,Aston Villa,Defender,4.0,1,16/08/2025,0,0,0,0,0,Low
47,Morgan,Rogers,Aston Villa,Midfielder,7.0,1,16/08/2025,3,0,0,90,1,Low
48,Youri,Tielemans,Aston Villa,Midfielder,6.0,1,16/08/2025,3,0,0,90,1,Low
49,Leon,Bailey,Aston Villa,Midfielder,5.5,1,16/08/2025,0,0,0,0,0,Low
50,Emiliano,Buendía Stati,Aston Villa,Midfielder,5.5,1,16/08/2025,0,0,0,0,0,Low
51,Samuel,Iling-Junior,Aston Villa,Midfielder,5.5,1,16/08/2025,0,0,0,0,0,Low
52,Jacob,Ramsey,Aston Villa,Midfielder,5.5,1,16/08/2025,0,0,0,0,0,Low
53,Donyell,Malen,Aston Villa,Midfielder,5.5,1,16/08/2025,1,0,0,6,0,Low
54,John,McGinn,Aston Villa,Midfielder,5.5,1,16/08/2025,3,0,0,83,1,Low
55,Ross,Barkley,Aston Villa,Midfielder,5.0,1,16/08/2025,0,0,0,0,0,Low
56,Enzo,Barrenechea,Aston Villa,Midfielder,5.0,1,16/08/2025,0,0,0,0,0,Low
57,Lewis,Dobbin,Aston Villa,Midfielder,5.0,1,16/08/2025,0,0,0,0,0,Low
58,Boubacar,Kamara,Aston Villa,Midfielder,5.0,1,16/08/2025,2,0,0,90,1,Low
59,Amadou,Onana,Aston Villa,Midfielder,5.0,1,16/08/2025,5,0,0,90,1,Low
60,Ben,Broggio,Aston Villa,Midfielder,4.5,1,16/08/2025,0,0,0,0,0,Low
61,Leander,Dendoncker,Aston Villa,Midfielder,4.5,1,16/08/2025,0,0,0,0,0,Low
62,Jamaldeen,Jimoh-Aloba,Aston Villa,Midfielder,4.5,1,16/08/2025,0,0,0,0,0,Low
63,Kadan,Young,Aston Villa,Midfielder,4.5,1,16/08/2025,0,0,0,0,0,Low
64,Ollie,Watkins,Aston Villa,Forward,9.0,1,16/08/2025,2,0,0,90,1,Medium
65,Zépiqueno,Redmond,Aston Villa,Forward,4.5,1,16/08/2025,0,0,0,0,0,Low
677,Evann,Guessand,Aston Villa,Midfielder,6.5,1,16/08/2025,0,0,0,0,0,Low
688,James,Wright,Aston Villa,Goalkeeper,4.0,1,16/08/2025,0,0,0,0,0,Low
183,Max,Weiß,Burnley,Goalkeeper,4.5,1,16/08/2025,0,0,0,0,0,Medium
184,Etienne,Green,Burnley,Goalkeeper,4.0,1,16/08/2025,0,0,0,0,0,Low
185,Václav,Hladký,Burnley,Goalkeeper,4.0,1,16/08/2025,0,0,0,0,0,Low
186,Connor,Roberts,Burnley,Defender,4.5,1,16/08/2025,0,0,0,0,0,Low
187,Kyle,Walker,Burnley,Defender,4.5,1,16/08/2025,1,0,0,90,0,Low
188,Hannes,Delcroix,Burnley,Defender,4.0,1,16/08/2025,0,0,0,0,0,Low
189,Owen,Dodgson,Burnley,Defender,4.0,1,16/08/2025,0,0,0,0,0,Low
190,Hjalmar,Ekdal,Burnley,Defender,4.0,1,16/08/2025,1,0,0,90,0,Low
191,Maxime,Estève,Burnley,Defender,4.0,1,16/08/2025,1,0,0,90,0,Low
192,Quilindschy,Hartman,Burnley,Defender,4.0,1,16/08/2025,1,0,0,90,0,Low
193,Bashir,Humphreys,Burnley,Defender,4.0,1,16/08/2025,0,0,0,0,0,Low
194,Jordan,Beyer,Burnley,Defender,4.0,1,16/08/2025,0,0,0,0,0,Low
195,Lucas,Pires Silva,Burnley,Defender,4.0,1,16/08/2025,0,0,0,0,0,Low
196,Shurandy,Sambo,Burnley,Defender,4.0,1,16/08/2025,0,0,0,0,0,Low
197,Oliver,Sonne,Burnley,Defender,4.0,1,16/08/2025,1,0,0,73,0,Low
198,Axel,Tuanzebe,Burnley,Defender,4.0,1,16/08/2025,0,0,0,0,0,Low
199,Joe,Worrall,Burnley,Defender,4.0,1,16/08/2025,0,0,0,0,0,Low
200,Jaidon,Anthony,Burnley,Midfielder,5.5,1,16/08/2025,2,0,0,84,0,Low
201,Manuel,Benson Hedilazio,Burnley,Midfielder,5.5,1,16/08/2025,0,0,0,0,0,Low
202,Jacob,Bruun Larsen,Burnley,Midfielder,5.5,1,16/08/2025,1,0,0,27,0,Low
203,Enock,Agyei,Burnley,Midfielder,5.0,1,16/08/2025,0,0,0,0,0,Low
204,Darko,Churlinov,Burnley,Midfielder,5.0,1,16/08/2025,0,0,0,0,0,Low
205,Josh,Cullen,Burnley,Midfielder,5.0,1,16/08/2025,4,0,0,90,0,Low
206,Marcus,Edwards,Burnley,Midfielder,5.0,1,16/08/2025,1,0,0,5,0,Low
207,Hannibal,Mejbri,Burnley,Midfielder,5.0,1,16/08/2025,2,0,0,62,0,Low
208,Luca,Koleosho,Burnley,Midfielder,5.0,1,16/08/2025,0,0,0,0,0,Low
209,Josh,Laurent,Burnley,Midfielder,5.0,1,16/08/2025,2,0,0,62,0,Low
210,Loum,Tchaouna,Burnley,Midfielder,5.0,1,16/08/2025,1,0,0,16,0,Low
211,Aaron,Ramsey,Burnley,Midfielder,4.5,1,16/08/2025,0,0,0,0,0,Low
212,Oluwaseun,Adewumi,Burnley,Midfielder,4.5,1,16/08/2025,0,0,0,0,0,Low
213,Jaydon,Banel,Burnley,Midfielder,4.5,1,16/08/2025,0,0,0,0,0,Low
214,Mike,Trésor Ndayishimiye,Burnley,Midfielder,4.5,1,16/08/2025,0,0,0,0,0,Low
215,Zian,Flemming,Burnley,Forward,5.5,1,16/08/2025,1,0,0,16,0,Low
216,Zeki,Amdouni,Burnley,Forward,5.0,1,16/08/2025,0,0,0,0,0,Low
217,Lyle,Foster,Burnley,Forward,5.0,1,16/08/2025,2,0,0,73,0,Low
218,Ashley,Barnes,Burnley,Forward,4.5,1,16/08/2025,0,0,0,0,0,Low
219,Michael,Obafemi,Burnley,Forward,4.5,1,16/08/2025,0,0,0,0,0,Low
470,Martin,Dúbravka,Burnley,Goalkeeper,4.0,1,16/08/2025,2,0,0,90,0,Low
676,Lesley,Ugochukwu,Burnley,Midfielder,5.0,1,16/08/2025,1,0,0,27,0,Low
680,Armando,Broja,Burnley,Forward,5.5,1,16/08/2025,0,0,0,0,0,Low
66,Norberto,Murara Neto,Bournemouth,Goalkeeper,4.5,1,15/08/2025,0,0,0,0,0,Medium
67,Đorđe,Petrović,Bournemouth,Goalkeeper,4.5,1,15/08/2025,2,0,0,90,0,Medium
68,Will,Dennis,Bournemouth,Goalkeeper,4.0,1,15/08/2025,0,0,0,0,0,Low
69,Callan,McKenna,Bournemouth,Goalkeeper,4.0,1,15/08/2025,0,0,0,0,0,Low
70,Alex,Paulsen,Bournemouth,Goalkeeper,4.0,1,15/08/2025,0,0,0,0,0,Low
71,Illia,Zabarnyi,Bournemouth,Defender,5.0,1,15/08/2025,0,0,0,0,0,Medium
72,Marcos,Senesi Barón,Bournemouth,Defender,4.5,1,15/08/2025,2,0,0,90,0,Low
73,Adam,Smith,Bournemouth,Defender,4.5,1,15/08/2025,1,0,0,89,0,Low
74,Adrien,Truffert,Bournemouth,Defender,4.5,1,15/08/2025,0,0,0,90,0,Low
75,Matai,Akinmboni,Bournemouth,Defender,4.0,1,15/08/2025,0,0,0,0,0,Low
76,Owen,Bevan,Bournemouth,Defender,4.0,1,15/08/2025,0,0,0,0,0,Low
77,James,Hill,Bournemouth,Defender,4.0,1,15/08/2025,1,0,0,1,0,Low
78,Julián,Araujo Zúñiga,Bournemouth,Defender,4.0,1,15/08/2025,0,0,0,0,0,Low
79,Chris,Mepham,Bournemouth,Defender,4.0,1,15/08/2025,0,0,0,0,0,Low
80,Julio,Soler Barreto,Bournemouth,Defender,4.0,1,15/08/2025,0,0,0,0,0,Low
81,Justin,Kluivert,Bournemouth,Midfielder,7.0,1,15/08/2025,0,0,0,0,0,Low
82,Antoine,Semenyo,Bournemouth,Midfielder,7.0,1,15/08/2025,15,2,0,90,0,Low
83,Dango,Ouattara,Bournemouth,Midfielder,6.0,1,15/08/2025,0,0,0,0,0,Low
84,Marcus,Tavernier,Bournemouth,Midfielder,5.5,1,15/08/2025,4,0,0,90,0,Low
85,Tyler,Adams,Bournemouth,Midfielder,5.0,1,15/08/2025,4,0,0,90,0,Low
86,David,Brooks,Bournemouth,Midfielder,5.0,1,15/08/2025,4,0,1,83,0,Low
87,Ryan,Christie,Bournemouth,Midfielder,5.0,1,15/08/2025,0,0,0,0,0,Low
88,Lewis,Cook,Bournemouth,Midfielder,5.0,1,15/08/2025,0,0,0,0,0,Low
89,Philip,Billing,Bournemouth,Midfielder,5.0,1,15/08/2025,0,0,0,0,0,Low
90,Alex,Scott,Bournemouth,Midfielder,5.0,1,15/08/2025,2,0,0,73,0,Low
91,Luis,Sinisterra Lucumí,Bournemouth,Midfielder,5.0,1,15/08/2025,0,0,0,0,0,Low
92,Romain,Faivre,Bournemouth,Midfielder,4.5,1,15/08/2025,0,0,0,0,0,Low
93,Hamed,Traorè,Bournemouth,Midfielder,4.5,1,15/08/2025,4,0,1,16,0,Low
94,Dominic,Sadi,Bournemouth,Midfielder,4.5,1,15/08/2025,0,0,0,0,0,Low
95,Zain,Silcott-Duberry,Bournemouth,Midfielder,4.5,1,15/08/2025,0,0,0,0,0,Low
96,Ben,Winterburn,Bournemouth,Midfielder,4.5,1,15/08/2025,1,0,0,6,0,Low
97,Francisco Evanilson,de Lima Barbosa,Bournemouth,Forward,7.0,1,15/08/2025,1,0,0,90,0,Low
98,Enes,Ünal,Bournemouth,Forward,5.5,1,15/08/2025,0,0,0,0,0,Low
99,Daniel,Adu-Adjei,Bournemouth,Forward,4.5,1,15/08/2025,0,0,0,0,0,Low
100,Eli Junior,Kroupi,Bournemouth,Forward,4.5,1,15/08/2025,1,0,0,1,0,Low
685,Bafodé,Diakité,Bournemouth,Defender,4.5,1,15/08/2025,0,0,0,90,0,Low
687,Remy,Rees-Dottin,Bournemouth,Midfielder,4.5,1,15/08/2025,0,0,0,0,0,Low
101,Caoimhín,Kelleher,Brentford,Goalkeeper,4.5,1,17/08/2025,0,0,0,0,0,Medium
102,Ellery,Balcombe,Brentford,Goalkeeper,4.0,1,17/08/2025,0,0,0,0,0,Low
103,Matthew,Cox,Brentford,Goalkeeper,4.0,1,17/08/2025,0,0,0,0,0,Low
104,Julian,Eyestone,Brentford,Goalkeeper,4.0,1,17/08/2025,0,0,0,0,0,Low
105,Hákon Rafn,Valdimarsson,Brentford,Goalkeeper,4.0,1,17/08/2025,0,0,0,0,0,Low
106,Nathan,Collins,Brentford,Defender,5.0,1,17/08/2025,0,0,0,0,0,Medium
107,Keane,Lewis-Potter,Brentford,Defender,5.0,1,17/08/2025,0,0,0,0,0,Medium
108,Kristoffer,Ajer,Brentford,Defender,4.5,1,17/08/2025,0,0,0,0,0,Low
109,Rico,Henry,Brentford,Defender,4.5,1,17/08/2025,0,0,0,0,0,Low
110,Michael,Kayode,Brentford,Defender,4.5,1,17/08/2025,0,0,0,0,0,Low
111,Ethan,Pinnock,Brentford,Defender,4.5,1,17/08/2025,0,0,0,0,0,Low
112,Mads,Roerslev Rasmussen,Brentford,Defender,4.5,1,17/08/2025,0,0,0,0,0,Low
113,Sepp,van den Berg,Brentford,Defender,4.5,1,17/08/2025,0,0,0,0,0,Low
114,Benjamin,Arthur,Brentford,Defender,4.0,1,17/08/2025,0,0,0,0,0,Low
115,Benjamin,Fredrick,Brentford,Defender,4.0,1,17/08/2025,0,0,0,0,0,Low
116,Aaron,Hickey,Brentford,Defender,4.0,1,17/08/2025,0,0,0,0,0,Low
117,Kim,Ji-soo,Brentford,Defender,4.0,1,17/08/2025,0,0,0,0,0,Low
118,Jayden,Meghoma,Brentford,Defender,4.0,1,17/08/2025,0,0,0,0,0,Low
120,Kevin,Schade,Brentford,Midfielder,7.0,1,17/08/2025,0,0,0,0,0,Low
121,Mikkel,Damsgaard,Brentford,Midfielder,6.0,1,17/08/2025,0,0,0,0,0,Low
122,Antoni,Milambo,Brentford,Midfielder,5.5,1,17/08/2025,0,0,0,0,0,Low
123,Fábio,Freitas Gouveia Carvalho,Brentford,Midfielder,5.0,1,17/08/2025,0,0,0,0,0,Low
124,Jordan,Henderson,Brentford,Midfielder,5.0,1,17/08/2025,0,0,0,0,0,Low
125,Vitaly,Janelt,Brentford,Midfielder,5.0,1,17/08/2025,0,0,0,0,0,Low
126,Mathias,Jensen,Brentford,Midfielder,5.0,1,17/08/2025,0,0,0,0,0,Low
127,Gustavo,Nunes Fernandes Gomes,Brentford,Midfielder,5.0,1,17/08/2025,0,0,0,0,0,Low
128,Frank,Onyeka,Brentford,Midfielder,5.0,1,17/08/2025,0,0,0,0,0,Low
129,Yehor,Yarmoliuk,Brentford,Midfielder,5.0,1,17/08/2025,0,0,0,0,0,Low
130,Romelle,Donovan,Brentford,Midfielder,4.5,1,17/08/2025,0,0,0,0,0,Low
131,Yunus Emre,Konak,Brentford,Midfielder,4.5,1,17/08/2025,0,0,0,0,0,Low
132,Paris,Maghoma,Brentford,Midfielder,4.5,1,17/08/2025,0,0,0,0,0,Low
133,Myles,Peart-Harris,Brentford,Midfielder,4.5,1,17/08/2025,0,0,0,0,0,Low
134,Ryan,Trevitt,Brentford,Midfielder,4.5,1,17/08/2025,0,0,0,0,0,Low
135,Yoane,Wissa,Brentford,Forward,7.5,1,17/08/2025,0,0,0,0,0,Low
136,Igor Thiago,Nascimento Rodrigues,Brentford,Forward,6.0,1,17/08/2025,0,0,0,0,0,Low
137,Iwan,Morgan,Brentford,Forward,4.5,1,17/08/2025,0,0,0,0,0,Low
138,Jason,Steele,Brighton,Goalkeeper,4.5,1,16/08/2025,0,0,0,0,0,Medium
139,Bart,Verbruggen,Brighton,Goalkeeper,4.5,1,16/08/2025,2,0,0,90,0,Medium
140,Tom,McGill,Brighton,Goalkeeper,4.0,1,16/08/2025,0,0,0,0,0,Low
141,Carl,Rushworth,Brighton,Goalkeeper,4.0,1,16/08/2025,0,0,0,0,0,Low
142,Kjell,Scherpen,Brighton,Goalkeeper,4.0,1,16/08/2025,0,0,0,0,0,Low
143,Olivier,Boscagli,Brighton,Defender,4.5,1,16/08/2025,0,0,0,0,0,Low
144,Diego,Coppola,Brighton,Defender,4.5,1,16/08/2025,0,0,0,0,0,Low
145,Maxim,De Cuyper,Brighton,Defender,4.5,1,16/08/2025,2,0,0,90,0,Low
146,Lewis,Dunk,Brighton,Defender,4.5,1,16/08/2025,2,0,0,90,0,Low
147,Pervis,Estupiñán Tenorio,Brighton,Defender,4.5,1,16/08/2025,0,0,0,0,0,Low
148,Ferdi,Kadıoğlu,Brighton,Defender,4.5,1,16/08/2025,0,0,0,21,0,Low
149,Igor Julio,dos Santos de Paulo,Brighton,Defender,4.5,1,16/08/2025,0,0,0,0,0,Low
150,Tariq,Lamptey,Brighton,Defender,4.5,1,16/08/2025,0,0,0,0,0,Low
151,Jan Paul,van Hecke,Brighton,Defender,4.5,1,16/08/2025,2,0,0,90,0,Low
152,Joël,Veltman,Brighton,Defender,4.5,1,16/08/2025,0,0,0,0,0,Low
153,Adam,Webster,Brighton,Defender,4.5,1,16/08/2025,0,0,0,0,0,Low
154,Eiran,Cashin,Brighton,Defender,4.0,1,16/08/2025,0,0,0,0,0,Low
155,Jacob,Slater,Brighton,Defender,4.0,1,16/08/2025,0,0,0,0,0,Low
156,Charlie,Tasker,Brighton,Defender,4.0,1,16/08/2025,0,0,0,0,0,Low
157,Mitoma,Kaoru,Brighton,Midfielder,6.5,1,16/08/2025,2,0,0,82,1,Low
158,Georginio,Rutter,Brighton,Midfielder,6.0,1,16/08/2025,6,0,1,68,1,Low
159,Solly,March,Brighton,Midfielder,6.0,1,16/08/2025,0,0,0,0,0,Low
160,Yankuba,Minteh,Brighton,Midfielder,6.0,1,16/08/2025,3,0,0,68,1,Low
161,Julio,Enciso Espínola,Brighton,Midfielder,5.5,1,16/08/2025,0,0,0,0,0,Low
162,Brajan,Gruda,Brighton,Midfielder,5.5,1,16/08/2025,1,0,0,7,0,Low
163,Jack,Hinshelwood,Brighton,Midfielder,5.5,1,16/08/2025,0,0,0,0,0,Low
164,Matt,O'Riley,Brighton,Midfielder,5.5,1,16/08/2025,10,1,0,87,1,Low
165,Abdallah,Sima,Brighton,Midfielder,5.5,1,16/08/2025,0,0,0,0,0,Low
166,Yasin,Ayari,Brighton,Midfielder,5.0,1,16/08/2025,3,0,0,90,0,Low
167,Carlos,Baleba,Brighton,Midfielder,5.0,1,16/08/2025,3,0,0,68,1,Low
168,Facundo,Buonanotte,Brighton,Midfielder,5.0,1,16/08/2025,0,0,0,0,0,Low
169,Diego,Gómez Amarilla,Brighton,Midfielder,5.0,1,16/08/2025,0,0,0,21,0,Low
170,James,Milner,Brighton,Midfielder,5.0,1,16/08/2025,1,0,0,2,0,Low
171,Jeremy,Sarmiento Morante,Brighton,Midfielder,5.0,1,16/08/2025,0,0,0,0,0,Low
172,Tom,Watson,Brighton,Midfielder,5.0,1,16/08/2025,0,0,0,0,0,Low
173,Mats,Wieffer,Brighton,Midfielder,5.0,1,16/08/2025,4,0,0,90,0,Low
174,Malick,Yalcouyé,Brighton,Midfielder,5.0,1,16/08/2025,0,0,0,0,0,Low
175,Joe,Knight,Brighton,Midfielder,4.5,1,16/08/2025,0,0,0,0,0,Low
176,Adrian,Mazilu,Brighton,Midfielder,4.5,1,16/08/2025,0,0,0,0,0,Low
177,Andrew,Moran,Brighton,Midfielder,4.5,1,16/08/2025,0,0,0,0,0,Low
178,Danny,Welbeck,Brighton,Forward,6.5,1,16/08/2025,1,0,0,21,0,Low
179,Evan,Ferguson,Brighton,Forward,5.5,1,16/08/2025,0,0,0,0,0,Low
180,Stefanos,Tzimas,Brighton,Forward,5.5,1,16/08/2025,0,0,0,0,0,Low
181,Charalampos,Kostoulas,Brighton,Forward,5.0,1,16/08/2025,0,0,0,0,0,Low
220,Robert,Lynch Sánchez,Chelsea,Goalkeeper,5.0,1,17/08/2025,0,0,0,0,0,High
221,Filip,Jörgensen,Chelsea,Goalkeeper,4.5,1,17/08/2025,0,0,0,0,0,Medium
222,Mike,Penders,Chelsea,Goalkeeper,4.0,1,17/08/2025,0,0,0,0,0,Low
223,Gabriel,Słonina,Chelsea,Goalkeeper,4.0,1,17/08/2025,0,0,0,0,0,Low
224,Marc,Cucurella Saseta,Chelsea,Defender,6.0,1,17/08/2025,0,0,0,0,0,High
225,Reece,James,Chelsea,Defender,5.5,1,17/08/2025,0,0,0,0,0,Medium
226,Trevoh,Chalobah,Chelsea,Defender,5.0,1,17/08/2025,0,0,0,0,0,Medium
227,Levi,Samuels Colwill,Chelsea,Defender,5.0,1,17/08/2025,0,0,0,0,0,Medium
228,Malo,Gusto,Chelsea,Defender,5.0,1,17/08/2025,0,0,0,0,0,Medium
229,Benoît,Badiashile Mukinayi,Chelsea,Defender,4.5,1,17/08/2025,0,0,0,0,0,Low
230,Wesley,Fofana,Chelsea,Defender,4.5,1,17/08/2025,0,0,0,0,0,Low
231,Mamadou,Sarr,Chelsea,Defender,4.5,1,17/08/2025,0,0,0,0,0,Low
232,Tosin,Adarabioyo,Chelsea,Defender,4.5,1,17/08/2025,0,0,0,0,0,Low
233,Josh,Acheampong,Chelsea,Defender,4.0,1,17/08/2025,0,0,0,0,0,Low
234,Aarón,Anselmino,Chelsea,Defender,4.0,1,17/08/2025,0,0,0,0,0,Low
235,Cole,Palmer,Chelsea,Midfielder,10.5,1,17/08/2025,0,0,0,0,0,High
236,Pedro,Lomba Neto,Chelsea,Midfielder,7.0,1,17/08/2025,0,0,0,0,0,Low
237,Enzo,Fernández,Chelsea,Midfielder,6.5,1,17/08/2025,0,0,0,0,0,Low
238,Estêvão,Almeida de Oliveira Gonçalves,Chelsea,Midfielder,6.5,1,17/08/2025,0,0,0,0,0,Low
239,Jamie,Bynoe-Gittens,Chelsea,Midfielder,6.5,1,17/08/2025,0,0,0,0,0,Low
240,Christopher,Nkunku,Chelsea,Midfielder,6.0,1,17/08/2025,0,0,0,0,0,Low
241,Moisés,Caicedo Corozo,Chelsea,Midfielder,5.5,1,17/08/2025,0,0,0,0,0,Low
243,Tyrique,George,Chelsea,Midfielder,5.0,1,17/08/2025,0,0,0,0,0,Low
244,Roméo,Lavia,Chelsea,Midfielder,5.0,1,17/08/2025,0,0,0,0,0,Low
245,Mykhailo,Mudryk,Chelsea,Midfielder,5.0,1,17/08/2025,0,0,0,0,0,Low
246,Andrey,Nascimento dos Santos,Chelsea,Midfielder,4.5,1,17/08/2025,0,0,0,0,0,Low
247,Dário,Luís Essugo,Chelsea,Midfielder,4.5,1,17/08/2025,0,0,0,0,0,Low
248,Kendry,Páez Andrade,Chelsea,Midfielder,4.5,1,17/08/2025,0,0,0,0,0,Low
249,João Pedro,Junqueira de Jesus,Chelsea,Forward,7.5,1,17/08/2025,0,0,0,0,0,Low
250,Liam,Delap,Chelsea,Forward,6.5,1,17/08/2025,0,0,0,0,0,Low
251,Nicolas,Jackson,Chelsea,Forward,6.5,1,17/08/2025,0,0,0,0,0,Low
672,Jorrel,Hato,Chelsea,Defender,5.0,1,17/08/2025,0,0,0,0,0,Medium
253,Dean,Henderson,Crystal Palace,Goalkeeper,5.0,1,17/08/2025,0,0,0,0,0,High
254,Walter,Benítez,Crystal Palace,Goalkeeper,4.0,1,17/08/2025,0,0,0,0,0,Low
255,Remi,Matthews,Crystal Palace,Goalkeeper,4.0,1,17/08/2025,0,0,0,0,0,Low
256,Daniel,Muñoz Mejía,Crystal Palace,Defender,5.5,1,17/08/2025,0,0,0,0,0,Medium
257,Maxence,Lacroix,Crystal Palace,Defender,5.0,1,17/08/2025,0,0,0,0,0,Medium
258,Tyrick,Mitchell,Crystal Palace,Defender,5.0,1,17/08/2025,0,0,0,0,0,Medium
259,Borna,Sosa,Crystal Palace,Defender,5.0,1,17/08/2025,0,0,0,0,0,Medium
260,Marc,Guéhi,Crystal Palace,Defender,4.5,1,17/08/2025,0,0,0,0,0,Low
261,Chris,Richards,Crystal Palace,Defender,4.5,1,17/08/2025,0,0,0,0,0,Low
262,Chadi,Riad Dnanou,Crystal Palace,Defender,4.0,1,17/08/2025,0,0,0,0,0,Low
263,Nathaniel,Clyne,Crystal Palace,Defender,4.0,1,17/08/2025,0,0,0,0,0,Low
264,Rob,Holding,Crystal Palace,Defender,4.0,1,17/08/2025,0,0,0,0,0,Low
265,Caleb,Kporha,Crystal Palace,Defender,4.0,1,17/08/2025,0,0,0,0,0,Low
266,Eberechi,Eze,Crystal Palace,Midfielder,7.5,1,17/08/2025,0,0,0,0,0,Medium
267,Ismaïla,Sarr,Crystal Palace,Midfielder,6.5,1,17/08/2025,0,0,0,0,0,Low
268,Cheick,Doucouré,Crystal Palace,Midfielder,5.0,1,17/08/2025,0,0,0,0,0,Low
269,Romain,Esse,Crystal Palace,Midfielder,5.0,1,17/08/2025,0,0,0,0,0,Low
270,Will,Hughes,Crystal Palace,Midfielder,5.0,1,17/08/2025,0,0,0,0,0,Low
271,Daichi,Kamada,Crystal Palace,Midfielder,5.0,1,17/08/2025,0,0,0,0,0,Low
272,Jefferson,Lerma Solís,Crystal Palace,Midfielder,5.0,1,17/08/2025,0,0,0,0,0,Low
273,Adam,Wharton,Crystal Palace,Midfielder,5.0,1,17/08/2025,0,0,0,0,0,Low
274,Asher,Agbinone,Crystal Palace,Midfielder,4.5,1,17/08/2025,0,0,0,0,0,Low
275,Naouirou,Ahamada,Crystal Palace,Midfielder,4.5,1,17/08/2025,0,0,0,0,0,Low
276,Justin,Devenny,Crystal Palace,Midfielder,4.5,1,17/08/2025,0,0,0,0,0,Low
277,Malcolm,Ebiowei,Crystal Palace,Midfielder,4.5,1,17/08/2025,0,0,0,0,0,Low
278,Jesurun,Rak-Sakyi,Crystal Palace,Midfielder,4.5,1,17/08/2025,0,0,0,0,0,Low
279,Matheus,França de Oliveira,Crystal Palace,Midfielder,4.5,1,17/08/2025,0,0,0,0,0,Low
280,David,Ozoh,Crystal Palace,Midfielder,4.5,1,17/08/2025,0,0,0,0,0,Low
281,Kaden,Rodney,Crystal Palace,Midfielder,4.5,1,17/08/2025,0,0,0,0,0,Low
282,Franco,Umeh-Chibueze,Crystal Palace,Midfielder,4.5,1,17/08/2025,0,0,0,0,0,Low
283,Jean-Philippe,Mateta,Crystal Palace,Forward,7.5,1,17/08/2025,0,0,0,0,0,Low
284,Eddie,Nketiah,Crystal Palace,Forward,5.5,1,17/08/2025,0,0,0,0,0,Low
285,Odsonne,Édouard,Crystal Palace,Forward,5.0,1,17/08/2025,0,0,0,0,0,Low
286,Zach,Marsh,Crystal Palace,Forward,4.5,1,17/08/2025,0,0,0,0,0,Low
242,Kiernan,Dewsbury-Hall,Everton,Midfielder,5.0,1,18/08/2025,0,0,0,0,0,Low
287,Jordan,Pickford,Everton,Goalkeeper,5.5,1,18/08/2025,0,0,0,0,0,High
288,Mark,Travers,Everton,Goalkeeper,4.5,1,18/08/2025,0,0,0,0,0,Medium
289,Harry,Tyrer,Everton,Goalkeeper,4.0,1,18/08/2025,0,0,0,0,0,Low
290,Jarrad,Branthwaite,Everton,Defender,5.5,1,18/08/2025,0,0,0,0,0,Medium
291,James,Tarkowski,Everton,Defender,5.5,1,18/08/2025,0,0,0,0,0,Medium
292,Vitalii,Mykolenko,Everton,Defender,5.0,1,18/08/2025,0,0,0,0,0,Medium
293,Jake,O'Brien,Everton,Defender,5.0,1,18/08/2025,0,0,0,0,0,Medium
294,Séamus,Coleman,Everton,Defender,4.5,1,18/08/2025,0,0,0,0,0,Low
295,Michael,Keane,Everton,Defender,4.5,1,18/08/2025,0,0,0,0,0,Low
296,Nathan,Patterson,Everton,Defender,4.5,1,18/08/2025,0,0,0,0,0,Low
297,Roman,Dixon,Everton,Defender,4.0,1,18/08/2025,0,0,0,0,0,Low
298,Reece,Welch,Everton,Defender,4.0,1,18/08/2025,0,0,0,0,0,Low
299,Iliman,Ndiaye,Everton,Midfielder,6.5,1,18/08/2025,0,0,0,0,0,Low
300,Dwight,McNeil,Everton,Midfielder,6.0,1,18/08/2025,0,0,0,0,0,Low
301,Carlos,Alcaraz Durán,Everton,Midfielder,5.5,1,18/08/2025,0,0,0,0,0,Low
302,Idrissa Gana,Gueye,Everton,Midfielder,5.5,1,18/08/2025,0,0,0,0,0,Low
303,James,Garner,Everton,Midfielder,5.0,1,18/08/2025,0,0,0,0,0,Low
304,Tim,Iroegbunam,Everton,Midfielder,5.0,1,18/08/2025,0,0,0,0,0,Low
305,Harrison,Armstrong,Everton,Midfielder,4.5,1,18/08/2025,0,0,0,0,0,Low
306,Callum,Bates,Everton,Midfielder,4.5,1,18/08/2025,0,0,0,0,0,Low
307,Coby,Ebere,Everton,Midfielder,4.5,1,18/08/2025,0,0,0,0,0,Low
308,Isaac,Heath,Everton,Midfielder,4.5,1,18/08/2025,0,0,0,0,0,Low
309,Jenson,Metcalfe,Everton,Midfielder,4.5,1,18/08/2025,0,0,0,0,0,Low
310,Thierno,Barry,Everton,Forward,6.0,1,18/08/2025,0,0,0,0,0,Low
311,Norberto Bercique,Gomes Betuncal,Everton,Forward,5.5,1,18/08/2025,0,0,0,0,0,Low
312,Youssef,Ramalho Chermiti,Everton,Forward,5.0,1,18/08/2025,0,0,0,0,0,Low
313,Martin,Sherif,Everton,Forward,4.5,1,18/08/2025,0,0,0,0,0,Low
419,Jack,Grealish,Everton,Midfielder,6.5,1,18/08/2025,0,0,0,0,0,Low
667,Adam,Aznou,Everton,Defender,4.5,1,18/08/2025,0,0,0,0,0,Low
314,Bernd,Leno,Fulham,Goalkeeper,5.0,1,16/08/2025,3,0,0,90,0,High
315,Steven,Benda,Fulham,Goalkeeper,4.0,1,16/08/2025,0,0,0,0,0,Low
316,Antonee,Robinson,Fulham,Defender,5.0,1,16/08/2025,0,0,0,0,0,Medium
317,Joachim,Andersen,Fulham,Defender,4.5,1,16/08/2025,2,0,0,90,0,Low
318,Calvin,Bassey,Fulham,Defender,4.5,1,16/08/2025,1,0,0,90,0,Low
319,Timothy,Castagne,Fulham,Defender,4.5,1,16/08/2025,1,0,0,6,0,Low
320,Issa,Diop,Fulham,Defender,4.5,1,16/08/2025,0,0,0,0,0,Low
321,Jorge,Cuenca Barreno,Fulham,Defender,4.5,1,16/08/2025,2,0,0,83,0,Low
322,Kenny,Tete,Fulham,Defender,4.5,1,16/08/2025,2,0,0,90,0,Low
323,Samuel,Amissah,Fulham,Defender,4.0,1,16/08/2025,0,0,0,0,0,Low
324,Alex,Iwobi,Fulham,Midfielder,6.5,1,16/08/2025,2,0,0,65,0,Low
325,Emile,Smith Rowe,Fulham,Midfielder,6.0,1,16/08/2025,1,0,0,13,0,Low
326,Adama,Traoré Diarra,Fulham,Midfielder,5.5,1,16/08/2025,1,0,0,24,0,Low
327,Andreas,Hoelgebaum Pereira,Fulham,Midfielder,5.5,1,16/08/2025,0,0,0,0,0,Low
328,Ryan,Sessegnon,Fulham,Midfielder,5.5,1,16/08/2025,0,0,0,0,0,Low
329,Harry,Wilson,Fulham,Midfielder,5.5,1,16/08/2025,5,0,1,90,0,Low
330,Sander,Berge,Fulham,Midfielder,5.0,1,16/08/2025,2,0,0,65,0,Low
331,Tom,Cairney,Fulham,Midfielder,5.0,1,16/08/2025,0,0,0,24,0,Low
332,Saša,Lukić,Fulham,Midfielder,5.0,1,16/08/2025,2,0,0,90,0,Low
333,Martial,Godo,Fulham,Midfielder,4.5,1,16/08/2025,0,0,0,0,0,Low
334,Luke,Harris,Fulham,Midfielder,4.5,1,16/08/2025,0,0,0,0,0,Low
335,Josh,King,Fulham,Midfielder,4.5,1,16/08/2025,2,0,0,76,0,Low
336,Harrison,Reed,Fulham,Midfielder,4.5,1,16/08/2025,0,0,0,0,0,Low
337,Raúl,Jiménez Rodríguez,Fulham,Forward,6.5,1,16/08/2025,2,0,0,65,0,Low
338,Rodrigo,Muniz Carvalho,Fulham,Forward,5.5,1,16/08/2025,7,1,0,24,0,Low
664,Benjamin,Lecomte,Fulham,Goalkeeper,4.0,1,16/08/2025,0,0,0,0,0,Low
339,Illan,Meslier,Leeds,Goalkeeper,4.5,1,18/08/2025,0,0,0,0,0,Medium
340,Alex,Cairns,Leeds,Goalkeeper,4.0,1,18/08/2025,0,0,0,0,0,Low
341,Karl,Darlow,Leeds,Goalkeeper,4.0,1,18/08/2025,0,0,0,0,0,Low
342,Jayden,Bogle,Leeds,Defender,4.5,1,18/08/2025,0,0,0,0,0,Low
343,Pascal,Struijk,Leeds,Defender,4.5,1,18/08/2025,0,0,0,0,0,Low
344,Jaka,Bijol,Leeds,Defender,4.0,1,18/08/2025,0,0,0,0,0,Low
345,Sebastiaan,Bornauw,Leeds,Defender,4.0,1,18/08/2025,0,0,0,0,0,Low
346,Sam,Byram,Leeds,Defender,4.0,1,18/08/2025,0,0,0,0,0,Low
347,Gabriel,Gudmundsson,Leeds,Defender,4.0,1,18/08/2025,0,0,0,0,0,Low
348,Joe,Rodon,Leeds,Defender,4.0,1,18/08/2025,0,0,0,0,0,Low
349,Isaac,Schmidt,Leeds,Defender,4.0,1,18/08/2025,0,0,0,0,0,Low
350,Brenden,Aaronson,Leeds,Midfielder,5.5,1,18/08/2025,0,0,0,0,0,Low
351,Wilfried,Gnonto,Leeds,Midfielder,5.5,1,18/08/2025,0,0,0,0,0,Low
352,Jack,Harrison,Leeds,Midfielder,5.5,1,18/08/2025,0,0,0,0,0,Low
353,Daniel,James,Leeds,Midfielder,5.5,1,18/08/2025,0,0,0,0,0,Low
354,Ethan,Ampadu,Leeds,Midfielder,5.0,1,18/08/2025,0,0,0,0,0,Low
355,Sam,Greenwood,Leeds,Midfielder,5.0,1,18/08/2025,0,0,0,0,0,Low
356,Ilia,Gruev,Leeds,Midfielder,5.0,1,18/08/2025,0,0,0,0,0,Low
357,Largie,Ramazani,Leeds,Midfielder,5.0,1,18/08/2025,0,0,0,0,0,Low
358,Tanaka,Ao,Leeds,Midfielder,5.0,1,18/08/2025,0,0,0,0,0,Low
359,Charlie,Crew,Leeds,Midfielder,4.5,1,18/08/2025,0,0,0,0,0,Low
360,Joe,Gelhardt,Leeds,Midfielder,4.5,1,18/08/2025,0,0,0,0,0,Low
361,Darko,Gyabi,Leeds,Midfielder,4.5,1,18/08/2025,0,0,0,0,0,Low
362,Joël,Piroe,Leeds,Forward,5.5,1,18/08/2025,0,0,0,0,0,Low
363,Patrick,Bamford,Leeds,Forward,5.0,1,18/08/2025,0,0,0,0,0,Low
364,Mateo,Joseph Fernández-Regatillo,Leeds,Forward,5.0,1,18/08/2025,0,0,0,0,0,Low
365,Lukas,Nmecha,Leeds,Forward,5.0,1,18/08/2025,0,0,0,0,0,Low
493,Sean,Longstaff,Leeds,Midfielder,5.0,1,18/08/2025,0,0,0,0,0,Low
660,Anton,Stach,Leeds,Midfielder,5.0,1,18/08/2025,0,0,0,0,0,Low
665,Lucas Estella,Perri,Leeds,Goalkeeper,4.5,1,18/08/2025,0,0,0,0,0,Medium
366,Alisson,Becker,Liverpool,Goalkeeper,5.5,1,15/08/2025,1,0,0,90,0,High
367,Giorgi,Mamardashvili,Liverpool,Goalkeeper,4.5,1,15/08/2025,0,0,0,0,0,Medium
368,Ármin,Pécsi,Liverpool,Goalkeeper,4.0,1,15/08/2025,0,0,0,0,0,Low
369,Freddie,Woodman,Liverpool,Goalkeeper,4.0,1,15/08/2025,0,0,0,0,0,Low
370,Jeremie,Frimpong,Liverpool,Defender,6.0,1,15/08/2025,1,0,0,59,0,High
371,Milos,Kerkez,Liverpool,Defender,6.0,1,15/08/2025,0,0,0,59,0,High
372,Andrew,Robertson,Liverpool,Defender,6.0,1,15/08/2025,0,0,0,30,0,High
373,Virgil,van Dijk,Liverpool,Defender,6.0,1,15/08/2025,3,0,0,90,0,High
374,Ibrahima,Konaté,Liverpool,Defender,5.5,1,15/08/2025,1,0,0,90,0,Medium
375,Conor,Bradley,Liverpool,Defender,5.0,1,15/08/2025,0,0,0,0,0,Medium
376,Joe,Gomez,Liverpool,Defender,5.0,1,15/08/2025,1,0,0,18,0,Medium
377,Konstantinos,Tsimikas,Liverpool,Defender,5.0,1,15/08/2025,0,0,0,0,0,Medium
378,Amara,Nallo,Liverpool,Defender,4.0,1,15/08/2025,0,0,0,0,0,Low
379,Rhys,Williams,Liverpool,Defender,4.0,1,15/08/2025,0,0,0,0,0,Low
380,Calvin,Ramsay,Liverpool,Defender,4.0,1,15/08/2025,0,0,0,0,0,Low
381,Mohamed,Salah,Liverpool,Midfielder,14.5,1,15/08/2025,8,1,0,90,0,Unknown
382,Florian,Wirtz,Liverpool,Midfielder,8.5,1,15/08/2025,2,0,0,81,0,Medium
383,Luis,Díaz Marulanda,Liverpool,Midfielder,8.0,1,15/08/2025,0,0,0,0,0,Medium
384,Cody,Gakpo,Liverpool,Midfielder,7.5,1,15/08/2025,7,1,0,90,0,Medium
385,Federico,Chiesa,Liverpool,Midfielder,6.5,1,15/08/2025,6,1,0,8,0,Low
386,Alexis,Mac Allister,Liverpool,Midfielder,6.5,1,15/08/2025,5,0,1,71,0,Low
387,Dominik,Szoboszlai,Liverpool,Midfielder,6.5,1,15/08/2025,2,0,0,90,0,Low
388,Curtis,Jones,Liverpool,Midfielder,5.5,1,15/08/2025,1,0,0,18,0,Low
389,Harvey,Elliott,Liverpool,Midfielder,5.5,1,15/08/2025,0,0,0,0,0,Low
390,Ryan,Gravenberch,Liverpool,Midfielder,5.5,1,15/08/2025,0,0,0,0,0,Low
391,Ben,Doak,Liverpool,Midfielder,5.0,1,15/08/2025,0,0,0,0,0,Low
392,Endo,Wataru,Liverpool,Midfielder,5.0,1,15/08/2025,4,0,1,30,0,Low
393,Stefan,Bajčetić Maquieira,Liverpool,Midfielder,4.5,1,15/08/2025,0,0,0,0,0,Low
394,James,McConnell,Liverpool,Midfielder,4.5,1,15/08/2025,0,0,0,0,0,Low
395,Tyler,Morton,Liverpool,Midfielder,4.5,1,15/08/2025,0,0,0,0,0,Low
396,Trey,Nyoni,Liverpool,Midfielder,4.5,1,15/08/2025,0,0,0,0,0,Low
397,Darwin,Núñez Ribeiro,Liverpool,Forward,6.5,1,15/08/2025,0,0,0,0,0,Low
398,Jayden,Danns,Liverpool,Forward,4.5,1,15/08/2025,0,0,0,0,0,Low
661,Hugo,Ekitiké,Liverpool,Forward,8.5,1,15/08/2025,11,1,1,71,0,Medium
686,Rio,Ngumoha,Liverpool,Midfielder,4.5,1,15/08/2025,0,0,0,0,0,Low
182,James,Trafford,Man City,Goalkeeper,5.0,1,16/08/2025,7,0,0,90,1,High
399,Ederson,Santana de Moraes,Man City,Goalkeeper,5.5,1,16/08/2025,0,0,0,0,0,High
400,Stefan,Ortega Moreno,Man City,Goalkeeper,5.0,1,16/08/2025,0,0,0,0,0,High
401,Marcus,Bettinelli,Man City,Goalkeeper,4.0,1,16/08/2025,0,0,0,0,0,Low
402,Rayan,Aït-Nouri,Man City,Defender,6.0,1,16/08/2025,9,0,0,90,1,High
403,Joško,Gvardiol,Man City,Defender,6.0,1,16/08/2025,0,0,0,0,0,High
404,Manuel,Akanji,Man City,Defender,5.5,1,16/08/2025,0,0,0,0,0,Medium
405,Nathan,Aké,Man City,Defender,5.5,1,16/08/2025,0,0,0,0,0,Medium
406,Abdukodir,Khusanov,Man City,Defender,5.5,1,16/08/2025,1,0,0,8,0,Medium
407,Matheus,Nunes,Man City,Defender,5.5,1,16/08/2025,1,0,0,24,0,Medium
408,Rúben,dos Santos Gato Alves Dias,Man City,Defender,5.5,1,16/08/2025,6,0,0,90,1,Medium
409,John,Stones,Man City,Defender,5.5,1,16/08/2025,6,0,0,81,1,Medium
410,Rico,Lewis,Man City,Defender,5.0,1,16/08/2025,11,0,1,65,1,Medium
411,Nico,O'Reilly,Man City,Defender,5.0,1,16/08/2025,0,0,0,24,0,Medium
412,Vitor,de Oliveira Nunes dos Reis,Man City,Defender,5.0,1,16/08/2025,0,0,0,0,0,Medium
413,Omar,Marmoush,Man City,Midfielder,8.5,1,16/08/2025,1,0,0,24,0,Medium
414,Phil,Foden,Man City,Midfielder,8.0,1,16/08/2025,0,0,0,0,0,Medium
415,Sávio,Moreira de Oliveira,Man City,Midfielder,7.0,1,16/08/2025,0,0,0,0,0,Low
416,Bernardo,Mota Veiga de Carvalho e Silva,Man City,Midfielder,6.5,1,16/08/2025,3,0,0,65,1,Low
417,Rayan,Cherki,Man City,Midfielder,6.5,1,16/08/2025,6,1,0,17,0,Low
418,Jérémy,Doku,Man City,Midfielder,6.5,1,16/08/2025,3,0,0,65,1,Low
420,İlkay,Gündoğan,Man City,Midfielder,6.5,1,16/08/2025,0,0,0,0,0,Low
421,Rodrigo 'Rodri',Hernandez Cascante,Man City,Midfielder,6.5,1,16/08/2025,0,0,0,0,0,Low
422,Mateo,Kovačić,Man City,Midfielder,6.0,1,16/08/2025,0,0,0,0,0,Low
423,Nico,González Iglesias,Man City,Midfielder,6.0,1,16/08/2025,3,0,0,90,1,Low
424,Oscar,Bobb,Man City,Midfielder,5.5,1,16/08/2025,6,0,1,90,1,Low
425,Claudio,Echeverri,Man City,Midfielder,5.5,1,16/08/2025,0,0,0,0,0,Low
426,James,McAtee,Man City,Midfielder,5.5,1,16/08/2025,0,0,0,0,0,Low
427,Tijjani,Reijnders,Man City,Midfielder,5.5,1,16/08/2025,10,1,1,90,1,Low
428,Sverre,Nypan,Man City,Midfielder,5.0,1,16/08/2025,0,0,0,0,0,Low
429,Kalvin,Phillips,Man City,Midfielder,5.0,1,16/08/2025,0,0,0,0,0,Low
430,Erling,Haaland,Man City,Forward,14.0,1,16/08/2025,13,2,0,72,1,High
119,Bryan,Mbeumo,Man Utd,Midfielder,8.0,1,17/08/2025,0,0,0,0,0,Medium
431,Altay,Bayındır,Man Utd,Goalkeeper,5.0,1,17/08/2025,0,0,0,0,0,High
432,André,Onana,Man Utd,Goalkeeper,5.0,1,17/08/2025,0,0,0,0,0,High
433,Elyh,Harrison,Man Utd,Goalkeeper,4.0,1,17/08/2025,0,0,0,0,0,Low
434,Tom,Heaton,Man Utd,Goalkeeper,4.0,1,17/08/2025,0,0,0,0,0,Low
435,Dermot,Mee,Man Utd,Goalkeeper,4.0,1,17/08/2025,0,0,0,0,0,Low
436,Matthijs,de Ligt,Man Utd,Defender,5.0,1,17/08/2025,0,0,0,0,0,Medium
437,Lisandro,Martínez,Man Utd,Defender,5.0,1,17/08/2025,0,0,0,0,0,Medium
438,Noussair,Mazraoui,Man Utd,Defender,5.0,1,17/08/2025,0,0,0,0,0,Medium
439,Diego,León Blanco,Man Utd,Defender,4.5,1,17/08/2025,0,0,0,0,0,Low
440,Diogo,Dalot Teixeira,Man Utd,Defender,4.5,1,17/08/2025,0,0,0,0,0,Low
441,Patrick,Dorgu,Man Utd,Defender,4.5,1,17/08/2025,0,0,0,0,0,Low
442,Harry,Maguire,Man Utd,Defender,4.5,1,17/08/2025,0,0,0,0,0,Low
443,Luke,Shaw,Man Utd,Defender,4.5,1,17/08/2025,0,0,0,0,0,Low
444,Leny,Yoro,Man Utd,Defender,4.5,1,17/08/2025,0,0,0,0,0,Low
445,Harry,Amass,Man Utd,Defender,4.0,1,17/08/2025,0,0,0,0,0,Low
446,Tyler,Fredricson,Man Utd,Defender,4.0,1,17/08/2025,0,0,0,0,0,Low
447,Ayden,Heaven,Man Utd,Defender,4.0,1,17/08/2025,0,0,0,0,0,Low
448,Tyrell,Malacia,Man Utd,Defender,4.0,1,17/08/2025,0,0,0,0,0,Low
449,Bruno,Borges Fernandes,Man Utd,Midfielder,9.0,1,17/08/2025,0,0,0,0,0,Medium
450,Matheus,Santos Carneiro da Cunha,Man Utd,Midfielder,8.0,1,17/08/2025,0,0,0,0,0,Medium
451,Marcus,Rashford,Man Utd,Midfielder,7.0,1,17/08/2025,0,0,0,0,0,Low
452,Amad,Diallo,Man Utd,Midfielder,6.5,1,17/08/2025,0,0,0,0,0,Low
453,Alejandro,Garnacho Ferreyra,Man Utd,Midfielder,6.5,1,17/08/2025,0,0,0,0,0,Low
454,Antony,dos Santos,Man Utd,Midfielder,6.0,1,17/08/2025,0,0,0,0,0,Low
455,Mason,Mount,Man Utd,Midfielder,6.0,1,17/08/2025,0,0,0,0,0,Low
456,Jadon,Sancho,Man Utd,Midfielder,6.0,1,17/08/2025,0,0,0,0,0,Low
457,Carlos Henrique,Casimiro,Man Utd,Midfielder,5.5,1,17/08/2025,0,0,0,0,0,Low
458,Kobbie,Mainoo,Man Utd,Midfielder,5.0,1,17/08/2025,0,0,0,0,0,Low
459,Manuel,Ugarte Ribeiro,Man Utd,Midfielder,5.0,1,17/08/2025,0,0,0,0,0,Low
460,Toby,Collyer,Man Utd,Midfielder,4.5,1,17/08/2025,0,0,0,0,0,Low
461,Jayce,Fitzgerald,Man Utd,Midfielder,4.5,1,17/08/2025,0,0,0,0,0,Low
462,Jack,Fletcher,Man Utd,Midfielder,4.5,1,17/08/2025,0,0,0,0,0,Low
463,Sékou,Koné,Man Utd,Midfielder,4.5,1,17/08/2025,0,0,0,0,0,Low
464,Jack,Moorhouse,Man Utd,Midfielder,4.5,1,17/08/2025,0,0,0,0,0,Low
465,Rasmus,Højlund,Man Utd,Forward,6.5,1,17/08/2025,0,0,0,0,0,Low
466,Joshua,Zirkzee,Man Utd,Forward,6.0,1,17/08/2025,0,0,0,0,0,Low
467,Chido,Obi,Man Utd,Forward,4.5,1,17/08/2025,0,0,0,0,0,Low
468,Ethan,Wheatley,Man Utd,Forward,4.5,1,17/08/2025,0,0,0,0,0,Low
681,Benjamin,Sesko,Man Utd,Forward,7.5,1,17/08/2025,0,0,0,0,0,Low
469,Nick,Pope,Newcastle,Goalkeeper,5.0,1,16/08/2025,9,0,0,90,1,High
471,Mark,Gillespie,Newcastle,Goalkeeper,4.0,1,16/08/2025,0,0,0,0,0,Low
472,Odysseas,Vlachodimos,Newcastle,Goalkeeper,4.0,1,16/08/2025,0,0,0,0,0,Low
473,Lewis,Hall,Newcastle,Defender,5.5,1,16/08/2025,0,0,0,0,0,Medium
474,Fabian,Schär,Newcastle,Defender,5.5,1,16/08/2025,8,0,0,90,1,Medium
475,Sven,Botman,Newcastle,Defender,5.0,1,16/08/2025,0,0,0,0,0,Medium
476,Dan,Burn,Newcastle,Defender,5.0,1,16/08/2025,9,0,0,90,1,Medium
477,Tino,Livramento,Newcastle,Defender,5.0,1,16/08/2025,9,0,0,90,1,Medium
478,Kieran,Trippier,Newcastle,Defender,5.0,1,16/08/2025,6,0,0,90,1,Medium
479,Emil,Krafth,Newcastle,Defender,4.5,1,16/08/2025,0,0,0,0,0,Low
480,Jamaal,Lascelles,Newcastle,Defender,4.5,1,16/08/2025,0,0,0,0,0,Low
481,Alex,Murphy,Newcastle,Defender,4.0,1,16/08/2025,0,0,0,0,0,Low
482,Harrison,Ashby,Newcastle,Defender,4.0,1,16/08/2025,0,0,0,0,0,Low
483,Miodrag,Pivaš,Newcastle,Defender,4.0,1,16/08/2025,0,0,0,0,0,Low
484,Matt,Targett,Newcastle,Defender,4.0,1,16/08/2025,0,0,0,0,0,Low
485,Anthony,Gordon,Newcastle,Midfielder,7.5,1,16/08/2025,3,0,0,90,1,Medium
486,Anthony,Elanga,Newcastle,Midfielder,7.0,1,16/08/2025,3,0,0,77,1,Low
487,Harvey,Barnes,Newcastle,Midfielder,6.5,1,16/08/2025,3,0,0,89,1,Low
488,Bruno,Guimarães Rodriguez Moura,Newcastle,Midfielder,6.5,1,16/08/2025,3,0,0,90,1,Low
489,Jacob,Murphy,Newcastle,Midfielder,6.5,1,16/08/2025,1,0,0,12,0,Low
490,Joelinton Cássio,Apolinário de Lira,Newcastle,Midfielder,6.0,1,16/08/2025,2,0,0,82,1,Low
491,Sandro,Tonali,Newcastle,Midfielder,5.5,1,16/08/2025,3,0,0,90,1,Low
492,Antoñito,Cordero Campillo,Newcastle,Midfielder,5.0,1,16/08/2025,0,0,0,0,0,Low
494,Joe,Willock,Newcastle,Midfielder,5.0,1,16/08/2025,0,0,0,0,0,Low
495,Isaac,Hayden,Newcastle,Midfielder,4.5,1,16/08/2025,0,0,0,0,0,Low
496,Garang,Kuol,Newcastle,Midfielder,4.5,1,16/08/2025,0,0,0,0,0,Low
497,Lewis,Miley,Newcastle,Midfielder,4.5,1,16/08/2025,1,0,0,7,0,Low
498,Joe,White,Newcastle,Midfielder,4.5,1,16/08/2025,0,0,0,0,0,Low
499,Alexander,Isak,Newcastle,Forward,10.5,1,16/08/2025,0,0,0,0,0,Medium
500,William,Osula,Newcastle,Forward,5.5,1,16/08/2025,1,0,0,1,0,Low
501,Sean,Neave,Newcastle,Forward,4.5,1,16/08/2025,0,0,0,0,0,Low
674,Aaron,Ramsdale,Newcastle,Goalkeeper,5.0,1,16/08/2025,0,0,0,0,0,High
684,Malick,Thiaw,Newcastle,Defender,5.0,1,16/08/2025,0,0,0,0,0,Medium
689,Seung-Soo,Park,Newcastle,Midfielder,4.5,1,16/08/2025,0,0,0,0,0,Low
502,Matz,Sels,Nott'm Forest,Goalkeeper,5.0,1,17/08/2025,0,0,0,0,0,High
503,Carlos Miguel,dos Santos Pereira,Nott'm Forest,Goalkeeper,4.0,1,17/08/2025,0,0,0,0,0,Low
504,Matt,Turner,Nott'm Forest,Goalkeeper,4.0,1,17/08/2025,0,0,0,0,0,Low
505,Nikola,Milenković,Nott'm Forest,Defender,5.5,1,17/08/2025,0,0,0,0,0,Medium
506,Murillo,Costa dos Santos,Nott'm Forest,Defender,5.5,1,17/08/2025,0,0,0,0,0,Medium
507,Ola,Aina,Nott'm Forest,Defender,5.0,1,17/08/2025,0,0,0,0,0,Medium
508,Neco,Williams,Nott'm Forest,Defender,5.0,1,17/08/2025,0,0,0,0,0,Medium
509,David,Mota Veiga Teixeira do Carmo,Nott'm Forest,Defender,4.5,1,17/08/2025,0,0,0,0,0,Low
510,Jair,Paula da Cunha Filho,Nott'm Forest,Defender,4.5,1,17/08/2025,0,0,0,0,0,Low
511,Felipe,Rodrigues da Silva,Nott'm Forest,Defender,4.5,1,17/08/2025,0,0,0,0,0,Low
512,Omar,Richards,Nott'm Forest,Defender,4.5,1,17/08/2025,0,0,0,0,0,Low
513,Zach,Abbott,Nott'm Forest,Defender,4.0,1,17/08/2025,0,0,0,0,0,Low
514,Willy,Boly,Nott'm Forest,Defender,4.0,1,17/08/2025,0,0,0,0,0,Low
515,Morgan,Gibbs-White,Nott'm Forest,Midfielder,7.5,1,17/08/2025,0,0,0,0,0,Medium
516,Callum,Hudson-Odoi,Nott'm Forest,Midfielder,6.0,1,17/08/2025,0,0,0,0,0,Low
517,Elliot,Anderson,Nott'm Forest,Midfielder,5.5,1,17/08/2025,0,0,0,0,0,Low
518,João Pedro,Ferreira da Silva,Nott'm Forest,Midfielder,5.5,1,17/08/2025,0,0,0,0,0,Low
519,Nicolás,Domínguez,Nott'm Forest,Midfielder,5.0,1,17/08/2025,0,0,0,0,0,Low
520,Lewis,O'Brien,Nott'm Forest,Midfielder,5.0,1,17/08/2025,0,0,0,0,0,Low
521,Ibrahim,Sangaré,Nott'm Forest,Midfielder,5.0,1,17/08/2025,0,0,0,0,0,Low
522,Ryan,Yates,Nott'm Forest,Midfielder,5.0,1,17/08/2025,0,0,0,0,0,Low
523,Eric,da Silva Moreira,Nott'm Forest,Midfielder,4.5,1,17/08/2025,0,0,0,0,0,Low
524,Marko,Stamenić,Nott'm Forest,Midfielder,4.5,1,17/08/2025,0,0,0,0,0,Low
525,Chris,Wood,Nott'm Forest,Forward,7.5,1,17/08/2025,0,0,0,0,0,Low
526,Igor Jesus,Maciel da Cruz,Nott'm Forest,Forward,6.0,1,17/08/2025,0,0,0,0,0,Low
527,Taiwo,Awoniyi,Nott'm Forest,Forward,5.5,1,17/08/2025,0,0,0,0,0,Low
669,Dan,Ndoye,Nott'm Forest,Midfielder,6.0,1,17/08/2025,0,0,0,0,0,Low
675,Angus,Gunn,Nott'm Forest,Goalkeeper,4.0,1,17/08/2025,0,0,0,0,0,Low
252,Marc,Guiu Paz,Sunderland,Forward,4.5,1,16/08/2025,0,0,0,0,0,Low
528,Anthony,Patterson,Sunderland,Goalkeeper,4.5,1,16/08/2025,0,0,0,0,0,Medium
529,Simon,Moore,Sunderland,Goalkeeper,4.0,1,16/08/2025,0,0,0,0,0,Low
530,Blondy,Nna Noukeu,Sunderland,Goalkeeper,4.0,1,16/08/2025,0,0,0,0,0,Low
531,Daniel,Ballard,Sunderland,Defender,4.5,1,16/08/2025,17,1,0,90,1,Low
532,Trai,Hume,Sunderland,Defender,4.5,1,16/08/2025,6,0,0,90,1,Low
533,Aji,Alese,Sunderland,Defender,4.0,1,16/08/2025,0,0,0,0,0,Low
534,Joe,Anderson,Sunderland,Defender,4.0,1,16/08/2025,0,0,0,0,0,Low
535,Dennis,Cirkin,Sunderland,Defender,4.0,1,16/08/2025,0,0,0,0,0,Low
536,Leo Fuhr,Hjelde,Sunderland,Defender,4.0,1,16/08/2025,0,0,0,0,0,Low
537,Niall,Huggins,Sunderland,Defender,4.0,1,16/08/2025,0,0,0,0,0,Low
538,Zak,Johnson,Sunderland,Defender,4.0,1,16/08/2025,0,0,0,0,0,Low
539,Luke,O'Nien,Sunderland,Defender,4.0,1,16/08/2025,0,0,0,0,0,Low
540,Timothée,Pembélé,Sunderland,Defender,4.0,1,16/08/2025,0,0,0,0,0,Low
541,Reinildo,Mandava,Sunderland,Defender,4.0,1,16/08/2025,6,0,0,90,1,Low
542,Jenson,Seelt,Sunderland,Defender,4.0,1,16/08/2025,1,0,0,52,0,Low
543,Simon,Adingra,Sunderland,Midfielder,5.5,1,16/08/2025,6,0,1,75,1,Low
544,Habib,Diarra,Sunderland,Midfielder,5.5,1,16/08/2025,3,0,0,90,1,Low
545,Patrick,Roberts,Sunderland,Midfielder,5.5,1,16/08/2025,0,0,0,0,0,Low
546,Milan,Aleksić,Sunderland,Midfielder,5.0,1,16/08/2025,0,0,0,0,0,Low
547,Enzo,Le Fée,Sunderland,Midfielder,5.0,1,16/08/2025,1,0,0,14,0,Low
548,Romaine,Mundle,Sunderland,Midfielder,5.0,1,16/08/2025,0,0,0,0,0,Low
549,Dan,Neil,Sunderland,Midfielder,5.0,1,16/08/2025,0,0,0,0,0,Low
550,Ian,Poveda-Ocampo,Sunderland,Midfielder,5.0,1,16/08/2025,0,0,0,0,0,Low
551,Chris,Rigg,Sunderland,Midfielder,5.0,1,16/08/2025,1,0,0,1,0,Low
552,Noah,Sadiki,Sunderland,Midfielder,5.0,1,16/08/2025,3,0,0,90,1,Low
553,Chemsdine,Talbi,Sunderland,Midfielder,5.0,1,16/08/2025,6,0,1,90,1,Low
554,Abdoullah,Ba,Sunderland,Midfielder,4.5,1,16/08/2025,0,0,0,0,0,Low
555,Alan,Browne,Sunderland,Midfielder,4.5,1,16/08/2025,0,0,0,0,0,Low
556,Pierre,Ekwah Elimby,Sunderland,Midfielder,4.5,1,16/08/2025,0,0,0,0,0,Low
557,Harrison,Jones,Sunderland,Midfielder,4.5,1,16/08/2025,0,0,0,0,0,Low
558,Jay,Matete,Sunderland,Midfielder,4.5,1,16/08/2025,0,0,0,0,0,Low
559,Nectarios,Triantis,Sunderland,Midfielder,4.5,1,16/08/2025,0,0,0,0,0,Low
560,Wilson,Isidor,Sunderland,Forward,5.5,1,16/08/2025,5,1,0,14,0,Low
561,Eliezer,Mayenda Dossou,Sunderland,Forward,5.5,1,16/08/2025,8,1,0,75,1,Low
562,Ahmed,Abdullahi,Sunderland,Forward,4.5,1,16/08/2025,0,0,0,0,0,Low
563,Luís Hemir,Silva Semedo,Sunderland,Forward,4.5,1,16/08/2025,0,0,0,0,0,Low
564,Nazarii,Rusyn,Sunderland,Forward,4.5,1,16/08/2025,0,0,0,0,0,Low
668,Granit,Xhaka,Sunderland,Midfielder,5.0,1,16/08/2025,3,0,0,90,1,Low
670,Robin,Roefs,Sunderland,Goalkeeper,4.5,1,16/08/2025,8,0,0,90,1,Medium
678,Arthur,Masuaku,Sunderland,Defender,4.0,1,16/08/2025,0,0,0,0,0,Low
683,Omar,Alderete,Sunderland,Defender,4.0,1,16/08/2025,4,0,1,37,0,Low
565,Guglielmo,Vicario,Spurs,Goalkeeper,5.0,1,16/08/2025,9,0,0,90,1,High
566,Brandon,Austin,Spurs,Goalkeeper,4.0,1,16/08/2025,0,0,0,0,0,Low
567,Antonín,Kinský,Spurs,Goalkeeper,4.0,1,16/08/2025,0,0,0,0,0,Low
568,Pedro,Porro Sauceda,Spurs,Defender,5.5,1,16/08/2025,6,0,0,90,1,Medium
569,Cristian,Romero,Spurs,Defender,5.0,1,16/08/2025,6,0,0,90,1,Medium
570,Kevin,Danso,Spurs,Defender,4.5,1,16/08/2025,0,0,0,0,0,Low
571,Ben,Davies,Spurs,Defender,4.5,1,16/08/2025,0,0,0,0,0,Low
572,Radu,Drăgușin,Spurs,Defender,4.5,1,16/08/2025,0,0,0,0,0,Low
573,Djed,Spence,Spurs,Defender,4.5,1,16/08/2025,6,0,0,90,1,Low
574,Destiny,Udogie,Spurs,Defender,4.5,1,16/08/2025,0,0,0,0,0,Low
575,Micky,van de Ven,Spurs,Defender,4.5,1,16/08/2025,6,0,0,90,1,Low
576,Ashley,Phillips,Spurs,Defender,4.0,1,16/08/2025,0,0,0,0,0,Low
577,Takai,Kōta,Spurs,Defender,4.0,1,16/08/2025,0,0,0,0,0,Low
578,Luka,Vušković,Spurs,Defender,4.0,1,16/08/2025,0,0,0,0,0,Low
579,Son,Heung-min,Spurs,Midfielder,8.5,1,16/08/2025,0,0,0,0,0,Medium
580,Brennan,Johnson,Spurs,Midfielder,7.0,1,16/08/2025,8,1,0,79,1,Low
581,James,Maddison,Spurs,Midfielder,7.0,1,16/08/2025,0,0,0,0,0,Low
582,Mohammed,Kudus,Spurs,Midfielder,6.5,1,16/08/2025,10,0,2,84,1,Low
583,Dejan,Kulusevski,Spurs,Midfielder,6.5,1,16/08/2025,0,0,0,0,0,Low
584,Mathys,Tel,Spurs,Midfielder,6.5,1,16/08/2025,1,0,0,5,0,Low
585,Rodrigo,Bentancur,Spurs,Midfielder,5.5,1,16/08/2025,1,0,0,19,0,Low
586,Lucas,Bergvall,Spurs,Midfielder,5.5,1,16/08/2025,3,0,0,79,1,Low
587,Yves,Bissouma,Spurs,Midfielder,5.5,1,16/08/2025,0,0,0,0,0,Low
588,Wilson,Odobert,Spurs,Midfielder,5.5,1,16/08/2025,1,0,0,10,0,Low
589,Manor,Solomon,Spurs,Midfielder,5.5,1,16/08/2025,0,0,0,0,0,Low
590,Bryan,Gil Salvatierra,Spurs,Midfielder,5.0,1,16/08/2025,0,0,0,0,0,Low
591,Archie,Gray,Spurs,Midfielder,5.0,1,16/08/2025,3,0,0,70,1,Low
592,Mikey,Moore,Spurs,Midfielder,5.0,1,16/08/2025,0,0,0,0,0,Low
593,Pape Matar,Sarr,Spurs,Midfielder,5.0,1,16/08/2025,6,0,1,90,1,Low
594,Yang,Min-hyeok,Spurs,Midfielder,4.5,1,16/08/2025,0,0,0,0,0,Low
595,Callum,Olusesi,Spurs,Midfielder,4.5,1,16/08/2025,0,0,0,0,0,Low
596,Dominic,Solanke-Mitchell,Spurs,Forward,7.5,1,16/08/2025,1,0,0,19,0,Low
597,Richarlison,de Andrade,Spurs,Forward,6.5,1,16/08/2025,13,2,0,71,1,Low
598,Will,Lankshear,Spurs,Forward,4.5,1,16/08/2025,0,0,0,0,0,Low
599,Dane,Scarlett,Spurs,Forward,4.5,1,16/08/2025,0,0,0,0,0,Low
673,João Maria,Lobo Alves Palhares Costa Palhinha Gonçalves,Spurs,Midfielder,5.5,1,16/08/2025,1,0,0,10,0,Low
600,Alphonse,Areola,West Ham,Goalkeeper,4.5,1,16/08/2025,0,0,0,0,0,Medium
601,Wes,Foderingham,West Ham,Goalkeeper,4.0,1,16/08/2025,0,0,0,0,0,Low
602,Krisztián,Hegyi,West Ham,Goalkeeper,4.0,1,16/08/2025,0,0,0,0,0,Low
603,El Hadji Malick,Diouf,West Ham,Defender,4.5,1,16/08/2025,1,0,0,90,0,Low
604,Emerson,Palmieri dos Santos,West Ham,Defender,4.5,1,16/08/2025,0,0,0,0,0,Low
605,Maximilian,Kilman,West Ham,Defender,4.5,1,16/08/2025,0,0,0,90,0,Low
606,Konstantinos,Mavropanos,West Ham,Defender,4.5,1,16/08/2025,0,0,0,0,0,Low
607,Nayef,Aguerd,West Ham,Defender,4.5,1,16/08/2025,1,0,0,90,0,Low
608,Ollie,Scarles,West Ham,Defender,4.5,1,16/08/2025,0,0,0,0,0,Low
609,Jean-Clair,Todibo,West Ham,Defender,4.5,1,16/08/2025,1,0,0,81,0,Low
610,Aaron,Wan-Bissaka,West Ham,Defender,4.5,1,16/08/2025,1,0,0,90,0,Low
611,Kaelan,Casey,West Ham,Defender,4.0,1,16/08/2025,0,0,0,0,0,Low
612,Lucas,Tolentino Coelho de Lima,West Ham,Midfielder,6.0,1,16/08/2025,2,0,0,90,0,Low
613,Tomáš,Souček,West Ham,Midfielder,6.0,1,16/08/2025,1,0,0,19,0,Low
614,James,Ward-Prowse,West Ham,Midfielder,6.0,1,16/08/2025,2,0,0,70,0,Low
615,Crysencio,Summerville,West Ham,Midfielder,5.5,1,16/08/2025,0,0,0,0,0,Low
616,Edson,Álvarez Velázquez,West Ham,Midfielder,5.0,1,16/08/2025,0,0,0,0,0,Low
617,Maxwel,Cornet,West Ham,Midfielder,5.0,1,16/08/2025,0,0,0,0,0,Low
618,Guido,Rodríguez,West Ham,Midfielder,5.0,1,16/08/2025,2,0,0,70,0,Low
619,Luis Guilherme,Lira dos Santos,West Ham,Midfielder,5.0,1,16/08/2025,0,0,0,0,0,Low
620,George,Earthy,West Ham,Midfielder,4.5,1,16/08/2025,0,0,0,0,0,Low
621,Andy,Irving,West Ham,Midfielder,4.5,1,16/08/2025,1,0,0,8,0,Low
622,Lewis,Orford,West Ham,Midfielder,4.5,1,16/08/2025,0,0,0,0,0,Low
623,Freddie,Potts,West Ham,Midfielder,4.5,1,16/08/2025,0,0,0,0,0,Low
624,Jarrod,Bowen,West Ham,Forward,8.0,1,16/08/2025,2,0,0,90,0,Low
625,Niclas,Füllkrug,West Ham,Forward,6.0,1,16/08/2025,2,0,0,90,0,Low
626,Callum,Marshall,West Ham,Forward,4.5,1,16/08/2025,0,0,0,0,0,Low
659,Kyle,Walker-Peters,West Ham,Defender,4.5,1,16/08/2025,0,0,0,0,0,Low
671,Callum,Wilson,West Ham,Forward,6.0,1,16/08/2025,1,0,0,19,0,Low
679,Mads,Hermansen,West Ham,Goalkeeper,4.5,1,16/08/2025,1,0,0,90,0,Medium
627,Sam,Johnstone,Wolves,Goalkeeper,4.5,1,16/08/2025,0,0,0,0,0,Medium
628,José,Malheiro de Sá,Wolves,Goalkeeper,4.5,1,16/08/2025,0,0,0,90,0,Medium
629,Daniel,Bentley,Wolves,Goalkeeper,4.0,1,16/08/2025,0,0,0,0,0,Low
630,Tom,King,Wolves,Goalkeeper,4.0,1,16/08/2025,0,0,0,0,0,Low
631,Emmanuel,Agbadou,Wolves,Defender,4.5,1,16/08/2025,0,0,0,90,0,Low
632,Matt,Doherty,Wolves,Defender,4.5,1,16/08/2025,-1,0,0,90,0,Low
633,Hugo,Bueno López,Wolves,Defender,4.5,1,16/08/2025,1,0,0,18,0,Low
634,Yerson,Mosquera Valdelamar,Wolves,Defender,4.5,1,16/08/2025,0,0,0,0,0,Low
635,Rodrigo,Martins Gomes,Wolves,Defender,4.5,1,16/08/2025,1,0,0,17,0,Low
636,Santiago,Ignacio Bueno,Wolves,Defender,4.5,1,16/08/2025,0,0,0,0,0,Low
637,Toti,Gomes,Wolves,Defender,4.5,1,16/08/2025,0,0,0,90,0,Low
638,Ki-Jana,Hoever,Wolves,Defender,4.0,1,16/08/2025,1,0,0,72,0,Low
639,Bastien,Meupiyou Menadjou,Wolves,Defender,4.0,1,16/08/2025,0,0,0,0,0,Low
640,Pedro,Cardoso de Lima,Wolves,Defender,4.0,1,16/08/2025,0,0,0,0,0,Low
641,Alfie,Pond,Wolves,Defender,4.0,1,16/08/2025,0,0,0,0,0,Low
642,Hwang,Hee-chan,Wolves,Midfielder,6.0,1,16/08/2025,1,0,0,8,0,Low
643,André,Trindade da Costa Neto,Wolves,Midfielder,5.5,1,16/08/2025,4,0,0,71,0,Low
644,Jean-Ricner,Bellegarde,Wolves,Midfielder,5.5,1,16/08/2025,2,0,0,72,0,Low
645,Fer,López González,Wolves,Midfielder,5.5,1,16/08/2025,1,0,0,18,0,Low
646,João Victor,Gomes da Silva,Wolves,Midfielder,5.5,1,16/08/2025,2,0,0,90,0,Low
647,Gonçalo Manuel,Ganchinho Guedes,Wolves,Midfielder,5.5,1,16/08/2025,0,0,0,0,0,Low
648,Marshall,Munetsi,Wolves,Midfielder,5.5,1,16/08/2025,2,0,0,90,0,Low
649,Boubacar,Traoré,Wolves,Midfielder,5.0,1,16/08/2025,0,0,0,0,0,Low
650,Tawanda,Chirewa,Wolves,Midfielder,4.5,1,16/08/2025,0,0,0,0,0,Low
651,Tom,Edozie,Wolves,Midfielder,4.5,1,16/08/2025,0,0,0,0,0,Low
652,Enso,González Medina,Wolves,Midfielder,4.5,1,16/08/2025,0,0,0,0,0,Low
653,Joe,Hodge,Wolves,Midfielder,4.5,1,16/08/2025,0,0,0,0,0,Low
654,Jørgen,Strand Larsen,Wolves,Forward,6.5,1,16/08/2025,2,0,0,81,0,Low
655,Fábio,Soares Silva,Wolves,Forward,5.0,1,16/08/2025,0,0,0,0,0,Low
656,Saša,Kalajdžić,Wolves,Forward,5.0,1,16/08/2025,0,0,0,0,0,Low
657,Leon,Chiwome,Wolves,Forward,4.5,1,16/08/2025,0,0,0,0,0,Low
658,Nathan,Fraser,Wolves,Forward,4.5,1,16/08/2025,0,0,0,0,0,Low
663,Jhon,Arias,Wolves,Midfielder,5.5,1,16/08/2025,1,0,0,17,0,Low
682,David,Møller Wolfe,Wolves,Defender,4.5,1,16/08/2025,1,0,0,71,0,Low
